x,y,oz,ow
-0.555419320022,0.263273199326,-0.421640503626,0.906763081351
3.87740232403,3.77171214258,0.316394342933,0.948627756161
-4.6815389438,5.96489293409,0.937464041414,0.34808213263
